POS1,POS2,BEFORE_1,AFTER_1,BEFORE_2,AFTER_2,DISTANCE,MODAL,TEMP_BEFORE,TEMP_AFTER,TEMP_SINCE,SYN,DERIVATION,RELATION
VBD,VBG,NNP,PRP,VBD,NNS,3,0,0.0,0.0,0.0,0,0,after
VBZ,VBD,EX,DT,NNP,PRP,6,0,0.0,0.0,0.0,0,0,vague
VBZ,VBD,EX,DT,NNS,NNP,16,0,0.0,0.0,0.0,0,0,vague
VBZ,VBN,EX,DT,RB,RBR,42,0,0.0,0.0,0.0,1,0,after
VBZ,VBP,EX,DT,PRP,JJR,47,0,0.0,0.0,0.0,0,0,after
VBZ,VBZ,EX,DT,WDT,RBR,61,0,0.0,0.0,0.0,1,1,simultaneous
VBD,VBN,NNP,PRP,RB,RBR,36,0,0.0,0.0,0.0,0,0,vague
VBD,VBP,NNP,PRP,PRP,JJR,41,0,0.0,0.0,0.0,1,0,vague
VBD,VBN,NNP,PRP,JJ,DT,49,0,0.0,0.0,0.0,1,0,after
VBD,VBZ,NNP,PRP,WDT,RBR,55,0,0.0,0.0,0.0,0,0,vague
VBD,VBN,NNS,NNP,RB,RBR,26,0,0.0,0.0,0.0,0,0,vague
VBD,VBP,NNS,NNP,PRP,JJR,31,0,0.0,0.0,0.0,0,0,vague
VBD,VBN,NNS,NNP,JJ,DT,39,0,0.0,0.0,0.0,0,0,after
VBD,VBZ,NNS,NNP,WDT,RBR,45,0,0.0,0.0,0.0,0,0,vague
VBN,VBP,RB,RBR,PRP,JJR,5,0,0.0,0.0,0.0,0,0,vague
VBN,VBN,RB,RBR,JJ,DT,13,0,0.0,0.0,0.0,0,0,vague
VBP,VBN,PRP,JJR,JJ,DT,8,0,0.0,0.0,0.0,0,0,vague
VBP,VBZ,PRP,JJR,NN,IN,21,0,0.0,0.0,0.0,1,0,vague
VBN,VBZ,JJ,DT,WDT,RBR,6,0,0.0,0.0,0.0,0,0,vague
VBP,VB,PRP,JJ,TO,PRP$,17,0,0.0,0.0,0.0,0,0,vague
VBP,VB,PRP,JJ,TO,PRP$,4,0,0.0,0.0,0.0,0,0,vague
VBN,VBD,RB,DT,WP,JJ,32,0,0.0,0.0,0.0,0,0,vague
VBN,VBG,JJS,DT,IN,IN,4,0,0.0,0.0,0.0,0,0,before
VBN,VBD,JJS,DT,DT,TO,16,0,0.0,0.0,0.0,0,0,before
VBN,VBN,JJS,DT,VB,VBG,19,0,0.0,0.0,0.0,0,0,before
VBN,VBG,JJS,DT,VBN,WP,20,0,0.0,0.0,0.0,1,0,simultaneous
VBN,VBD,JJS,DT,WP,JJ,22,0,0.0,0.0,0.0,0,0,vague
VBG,VBN,IN,IN,VB,VBG,15,0,0.0,0.0,0.0,0,0,vague
VBG,VBD,IN,IN,WP,JJ,18,0,0.0,0.0,0.0,0,0,vague
VBD,VBN,DT,TO,VB,VBG,3,0,0.0,0.0,0.0,0,0,before
VBD,VBG,DT,TO,VBN,WP,4,0,0.0,0.0,0.0,0,0,after
VBD,VBD,DT,TO,WP,JJ,6,0,0.0,0.0,0.0,0,0,vague
VBN,VBG,VB,VBG,VBN,WP,1,0,0.0,0.0,0.0,0,0,after
VBN,VBD,VB,VBG,WP,JJ,3,0,0.0,0.0,0.0,1,0,vague
VBG,VBD,VBN,WP,WP,JJ,2,0,0.0,0.0,0.0,0,0,vague
VBP,VBN,PRP,TO,NN,IN,35,1,0.0,1.0,0.0,1,0,vague
VBP,VBN,PRP,TO,RB,TO,49,1,0.0,1.0,0.0,1,0,vague
VBP,VB,PRP,TO,TO,IN,51,1,0.0,1.0,0.0,1,0,vague
VB,VBP,TO,WRB,JJ,IN,5,0,0.0,0.0,0.0,0,0,before
VB,VBD,TO,WRB,NNP,.,16,1,0.0,1.0,0.0,0,0,before
VB,VBZ,TO,WRB,NNP,CD,20,1,0.0,1.0,0.0,0,0,vague
VB,VB,TO,WRB,TO,IN,49,1,0.0,1.0,0.0,0,0,vague
VB,VBD,TO,WRB,NNP,NN,53,1,0.0,1.0,0.0,0,0,vague
VBP,VBD,JJ,IN,NNP,.,11,1,0.0,1.0,0.0,0,0,after
VBP,VBZ,JJ,IN,NNP,CD,15,1,0.0,1.0,0.0,1,0,vague
VBP,VBD,JJ,IN,NNP,NN,48,1,0.0,1.0,0.0,0,0,vague
VBD,VBZ,NNP,.,NNP,CD,4,0,0.0,0.0,0.0,0,0,vague
VBD,VBD,NNP,.,NNP,NN,37,0,0.0,0.0,0.0,0,0,vague
VBZ,VBN,NNP,CD,NN,IN,13,0,0.0,0.0,0.0,1,0,vague
VBZ,VBN,NNP,CD,RB,TO,27,0,0.0,0.0,0.0,0,0,vague
VBZ,VB,NNP,CD,TO,IN,29,0,0.0,0.0,0.0,0,0,vague
VBN,VBN,NN,IN,RB,TO,14,0,0.0,0.0,0.0,0,0,after
VBN,VBD,NN,IN,NNP,NN,20,0,0.0,0.0,0.0,0,0,vague
VBN,VBD,RB,TO,NNP,NN,6,0,0.0,0.0,0.0,0,0,vague
VB,VBD,TO,IN,NNP,NN,4,0,0.0,0.0,0.0,0,0,vague
VBN,VBG,RB,RB,VBP,NNP,24,0,0.0,0.0,0.0,0,0,before
VBN,VB,RB,RB,TO,.,28,0,0.0,0.0,0.0,0,0,before
VBZ,VBG,NN,JJ,VBP,NNP,11,0,0.0,0.0,0.0,0,0,vague
VBZ,VB,NN,JJ,TO,.,15,0,0.0,0.0,0.0,0,0,vague
VBG,VB,VBP,NNP,TO,.,4,0,0.0,0.0,0.0,0,0,before
VBZ,VBZ,RB,PRP$,PRP,NNS,11,0,0.0,0.0,0.0,0,0,vague
VBZ,VBP,RB,PRP$,WP,NN,14,0,0.0,0.0,0.0,0,0,vague
VBD,VBZ,CC,PRP,PRP,NNS,3,0,0.0,0.0,0.0,0,0,vague
VBD,VBP,CC,PRP,WP,NN,6,0,0.0,0.0,0.0,0,0,vague
VBZ,VBG,PRP,NNS,NNS,DT,6,0,0.0,0.0,0.0,1,0,vague
VBZ,VB,PRP,NNS,VB,PRP,19,1,0.0,0.0,0.0,0,0,vague
VBZ,VBD,PRP,NNS,PRP,.,28,1,0.0,0.0,0.0,0,0,vague
VBP,VB,WP,NN,VB,PRP,16,1,0.0,0.0,0.0,0,0,vague
VBP,VBD,WP,NN,PRP,.,25,1,0.0,0.0,0.0,0,0,vague
VBG,VB,NNS,DT,VB,PRP,13,1,0.0,0.0,0.0,0,0,before
VBG,VBD,NNS,DT,PRP,.,22,1,0.0,0.0,0.0,0,0,before
VBN,VBG,NN,IN,TO,DT,11,0,0.0,0.0,0.0,0,0,vague
VBN,VBD,NN,IN,CC,RP,18,0,0.0,0.0,0.0,0,0,vague
VBN,VB,NN,IN,TO,NNP,28,1,0.0,1.0,0.0,0,0,vague
VBN,VB,NN,IN,TO,DT,35,1,0.0,1.0,0.0,0,0,vague
VBN,VB,NN,IN,TO,DT,50,1,0.0,1.0,0.0,0,0,vague
VBD,VBG,",",JJ,TO,DT,3,0,0.0,0.0,0.0,1,0,before
VBD,VB,",",JJ,MD,RB,16,1,0.0,1.0,0.0,1,0,vague
VBD,VB,",",JJ,TO,NNP,20,1,0.0,1.0,0.0,0,0,before
VBD,VBD,",",JJ,NN,JJ,39,1,0.0,1.0,0.0,0,0,vague
VBD,VB,",",JJ,TO,DT,42,1,0.0,1.0,0.0,0,0,before
VBG,VBD,TO,DT,CC,RP,7,0,0.0,0.0,0.0,0,0,after
VBG,VB,TO,DT,MD,RB,13,1,0.0,1.0,0.0,1,0,vague
VBG,VB,TO,DT,TO,NNP,17,1,0.0,1.0,0.0,0,0,before
VBG,VBD,TO,DT,WP,TO,22,1,0.0,1.0,0.0,0,0,vague
VBG,VBD,TO,DT,NN,JJ,36,1,0.0,1.0,0.0,0,0,vague
VBG,VB,TO,DT,TO,DT,39,1,0.0,1.0,0.0,1,0,before
VBD,VB,CC,RP,MD,RB,6,1,0.0,1.0,0.0,0,0,vague
VBD,VB,CC,RP,TO,NNP,10,1,0.0,1.0,0.0,0,0,before
VBD,VBD,CC,RP,NN,JJ,29,1,0.0,1.0,0.0,0,0,vague
VBD,VB,CC,RP,TO,DT,32,1,0.0,1.0,0.0,0,0,before
VBG,VB,IN,PRP,MD,RB,3,1,0.0,0.0,0.0,0,0,vague
VBG,VBD,IN,PRP,WP,TO,12,1,0.0,0.0,0.0,0,0,vague
VB,VB,MD,RB,TO,NNP,4,0,0.0,0.0,0.0,0,0,vague
VB,VBD,MD,RB,NN,JJ,23,0,0.0,0.0,0.0,0,0,after
VB,VB,MD,RB,TO,DT,26,0,0.0,0.0,0.0,0,0,vague
VB,VBD,TO,NNP,WP,TO,5,0,0.0,0.0,0.0,0,0,vague
VB,VBD,TO,NNP,NN,JJ,19,0,0.0,0.0,0.0,0,0,vague
VBD,VB,WP,TO,TO,DT,17,0,0.0,0.0,0.0,0,0,vague
VB,VB,TO,DT,TO,DT,15,0,0.0,0.0,0.0,0,0,before
VBD,VB,NN,JJ,TO,DT,3,0,0.0,0.0,0.0,0,0,vague
VBD,VBN,",",DT,VBP,PRP,15,0,0.0,0.0,0.0,0,0,after
VBD,VBD,",",DT,NN,VBN,29,0,0.0,0.0,0.0,0,0,before
VBD,VBD,",",DT,PRP,IN,34,0,0.0,0.0,0.0,0,0,before
VBD,VBN,",",DT,VBD,DT,39,0,0.0,0.0,0.0,0,0,before
VBN,VB,VBP,PRP,TO,JJ,3,0,0.0,0.0,0.0,0,0,before
VBN,VBD,VBP,PRP,NN,VBN,14,0,0.0,0.0,0.0,0,0,before
VBN,VBD,VBP,PRP,PRP,IN,19,0,0.0,0.0,0.0,0,0,before
VBN,VBN,VBP,PRP,VBD,DT,24,0,0.0,0.0,0.0,0,0,before
VBD,VBD,NN,VBN,PRP,IN,5,0,0.0,0.0,0.0,0,0,simultaneous
VBD,VBN,NN,VBN,VBD,DT,10,0,0.0,0.0,0.0,0,0,after
VBD,VBN,PRP,IN,VBD,DT,5,0,0.0,0.0,0.0,0,0,after
VBN,VBN,VBG,DT,CC,DT,8,0,0.0,0.0,0.0,0,0,simultaneous
VBN,VBP,VBG,DT,RB,:,15,0,0.0,0.0,0.0,0,0,before
VBN,VBP,CC,DT,RB,:,7,0,0.0,0.0,0.0,0,0,before
VBN,VBD,VBG,",",NNP,.,5,0,0.0,0.0,0.0,0,0,before
VBN,VBZ,VBG,",",PRP,DT,9,0,0.0,0.0,0.0,0,0,vague
VBN,VBZ,VBG,",",PRP,IN,16,0,0.0,0.0,0.0,1,0,vague
VBN,VBZ,VBG,",",WP,DT,33,0,0.0,0.0,0.0,0,0,vague
VBD,VBZ,NNP,.,PRP,DT,4,0,0.0,0.0,0.0,0,0,vague
VBD,VBZ,NNP,.,PRP,IN,11,0,0.0,0.0,0.0,0,0,vague
VBD,VBZ,NNP,.,WP,DT,28,0,0.0,0.0,0.0,0,0,vague
VBZ,VBZ,PRP,DT,WP,DT,24,0,0.0,0.0,0.0,0,0,vague
VBZ,VBZ,PRP,IN,WP,DT,17,0,0.0,0.0,0.0,0,0,vague
VB,VBN,MD,TO,VBZ,DT,18,0,0.0,0.0,0.0,0,0,after
VB,VBZ,MD,TO,CC,DT,24,0,0.0,0.0,0.0,0,0,after
VB,VBN,MD,TO,NN,IN,27,0,0.0,0.0,0.0,0,0,vague
VBZ,VBN,",",DT,NN,IN,15,0,0.0,0.0,0.0,0,0,vague
VBN,VBZ,VBZ,DT,CC,DT,6,0,0.0,0.0,0.0,0,0,vague
VBN,VBN,VBZ,DT,NN,IN,9,0,0.0,0.0,0.0,0,0,vague
VBZ,VBN,CC,DT,NN,IN,3,0,0.0,0.0,0.0,0,0,vague
VB,VBP,MD,IN,NN,RB,3,0,0.0,0.0,0.0,0,0,vague
VB,VBZ,MD,IN,NN,TO,10,0,0.0,0.0,0.0,0,0,vague
VB,VBG,MD,IN,VB,NN,26,1,0.0,0.0,0.0,0,0,vague
VB,VBD,MD,IN,PRP,PRP$,33,1,0.0,0.0,0.0,0,0,before
VB,VBD,MD,IN,CC,IN,37,1,0.0,0.0,0.0,1,0,before
VB,VBN,MD,IN,VBZ,DT,51,1,0.0,0.0,0.0,0,0,after
VBP,VBD,NN,RB,PRP,PRP$,30,1,0.0,0.0,0.0,0,0,vague
VBP,VBD,NN,RB,CC,IN,34,1,0.0,0.0,0.0,0,0,vague
VBP,VBN,NN,RB,VBZ,DT,48,1,0.0,0.0,0.0,0,0,vague
VBP,VBG,NN,RB,IN,.,52,1,0.0,0.0,0.0,0,0,vague
VBZ,VBN,NN,TO,VBN,RP,4,0,0.0,0.0,0.0,0,0,vague
VBZ,VB,NN,TO,MD,VBG,15,1,0.0,0.0,0.0,0,0,vague
VBZ,VBG,NN,TO,VB,NN,16,1,0.0,0.0,0.0,0,0,vague
VBZ,VBD,NN,TO,PRP,PRP$,23,1,0.0,0.0,0.0,0,0,vague
VBZ,VBD,NN,TO,CC,IN,27,1,0.0,0.0,0.0,0,0,vague
VBZ,VBN,NN,TO,VBZ,DT,41,1,0.0,0.0,0.0,0,0,vague
VBZ,VBG,NN,TO,IN,.,45,1,0.0,0.0,0.0,0,0,vague
VBN,VB,VBN,RP,MD,VBG,11,1,0.0,0.0,0.0,0,0,before
VBN,VBD,VBN,RP,CC,IN,23,1,0.0,0.0,0.0,1,0,before
VBN,VBG,VBN,RP,IN,.,41,1,0.0,0.0,0.0,0,0,before
VB,VBG,MD,VBG,VB,NN,1,0,0.0,0.0,0.0,0,0,vague
VBG,VBD,VB,NN,PRP,PRP$,7,0,0.0,0.0,0.0,0,0,vague
VBG,VBD,VB,NN,CC,IN,11,0,0.0,0.0,0.0,0,0,vague
VBD,VBD,PRP,PRP$,CC,IN,4,0,0.0,0.0,0.0,0,0,before
VBD,VBN,PRP,PRP$,VBZ,DT,18,0,0.0,0.0,0.0,0,0,after
VBD,VBN,CC,IN,VBZ,DT,14,0,0.0,0.0,0.0,0,0,after
VBD,VBG,CC,IN,IN,.,18,0,0.0,0.0,0.0,1,0,after
VBN,VBG,VBZ,DT,IN,.,4,0,0.0,0.0,0.0,0,0,before
VBD,VBZ,NNP,TO,PRP,TO,26,0,0.0,0.0,0.0,0,0,before
VBD,VB,NNP,TO,TO,RB,28,0,0.0,0.0,0.0,0,0,before
VB,VBD,TO,DT,PRP,PRP,8,0,0.0,0.0,0.0,0,0,simultaneous
VB,VB,TO,DT,JJ,RP,12,0,0.0,0.0,0.0,0,0,before
VB,VBZ,TO,DT,PRP,TO,24,0,0.0,0.0,0.0,0,0,before
VBD,VB,PRP,PRP,JJ,RP,4,0,0.0,0.0,0.0,0,0,before
VBD,VBZ,PRP,PRP,PRP,TO,16,0,0.0,0.0,0.0,0,0,before
VB,VB,TO,DT,MD,DT,47,1,0.0,0.0,0.0,0,0,vague
VBZ,VBG,WDT,VBG,VBZ,TO,1,0,0.0,0.0,0.0,0,0,vague
VBZ,VBG,WDT,VBG,IN,IN,17,0,0.0,0.0,0.0,0,0,vague
VBG,VBN,VBZ,TO,VBZ,NN,21,0,0.0,0.0,0.0,0,0,before
VBG,VB,VBZ,TO,MD,DT,33,1,0.0,0.0,0.0,1,0,vague
VBG,VB,IN,IN,MD,DT,17,1,0.0,0.0,0.0,0,0,vague
VBP,VBD,VBZ,WP,PRP,",",3,0,0.0,0.0,0.0,0,0,vague
VBP,VBD,VBZ,WP,NNP,.,8,0,0.0,0.0,0.0,0,0,vague
VBP,VBD,VBZ,WP,PRP,",",12,0,0.0,0.0,0.0,0,0,vague
VBP,VBP,VBZ,WP,NNS,DT,22,0,0.0,0.0,0.0,0,0,vague
VBD,VBD,NNP,.,PRP,",",4,0,0.0,0.0,0.0,0,0,after
VBD,VBP,NNP,.,NN,VBZ,22,0,0.0,0.0,0.0,0,0,after
VBN,VBD,CC,IN,",",RP,10,0,0.0,0.0,0.0,0,0,simultaneous
VBN,VBD,<S>,IN,NNP,",",6,0,0.0,0.0,0.0,0,0,before
VBN,VBZ,<S>,IN,NNP,DT,10,0,0.0,0.0,0.0,0,0,vague
VBD,VBZ,NNP,",",NNP,DT,4,0,0.0,0.0,0.0,0,0,vague
VBN,VBD,VBP,DT,NNP,PRP,8,0,0.0,0.0,0.0,0,0,before
VBN,VBZ,VBP,DT,NNP,DT,37,0,0.0,0.0,0.0,0,0,vague
VBD,VBD,NNP,PRP,",",RBR,13,0,0.0,0.0,0.0,0,0,after
VBD,VBZ,NNP,PRP,NNP,DT,29,0,0.0,0.0,0.0,0,0,vague
VBD,VBN,NNP,PRP,NN,IN,54,0,0.0,0.0,0.0,1,0,vague
VBD,VBZ,",",RBR,NNP,DT,16,0,0.0,0.0,0.0,0,0,vague
VBD,VBN,",",RBR,NN,IN,41,0,0.0,0.0,0.0,0,0,vague
VBN,VBN,RB,JJ,NN,IN,17,0,0.0,0.0,0.0,0,0,before
VBD,VBP,NNP,TO,PRP,IN,7,0,0.0,0.0,0.0,0,0,before
VBD,VBG,NNP,TO,VBP,TO,11,0,0.0,0.0,0.0,1,0,before
VBD,VBG,NNP,TO,VB,.,37,0,0.0,0.0,0.0,0,0,before
VB,VBP,TO,",",PRP,IN,5,0,0.0,0.0,0.0,1,0,before
VB,VBG,TO,",",VBP,TO,9,0,0.0,0.0,0.0,0,0,before
VB,VB,TO,",",TO,IN,11,0,0.0,0.0,0.0,0,0,before
VB,VBD,TO,",",PRP,",",25,0,0.0,0.0,0.0,0,0,before
VB,VBG,TO,",",VB,.,35,0,0.0,0.0,0.0,0,0,before
VBP,VBG,PRP,IN,VBP,TO,4,0,0.0,0.0,0.0,0,0,before
VBP,VB,PRP,IN,TO,IN,6,0,0.0,0.0,0.0,0,0,before
VBP,VBD,PRP,IN,PRP,",",20,0,0.0,0.0,0.0,0,0,before
VBP,VBG,PRP,IN,VB,.,30,0,0.0,0.0,0.0,0,0,before
VB,VBG,TO,IN,VB,.,24,0,0.0,0.0,0.0,1,0,simultaneous
VBD,VBG,PRP,",",VB,.,10,0,0.0,0.0,0.0,0,0,before
VBZ,VBZ,NNP,),RB,JJ,15,0,0.0,0.0,0.0,0,0,vague
VBZ,VBD,NNP,),NN,DT,29,0,0.0,0.0,0.0,0,0,vague
VBZ,VBD,NNP,),CC,DT,60,0,1.0,0.0,0.0,0,0,vague
VBZ,VBD,RB,JJ,CC,DT,18,0,0.0,0.0,0.0,0,0,vague
VBZ,VBN,RB,JJ,VBZ,IN,27,0,0.0,0.0,0.0,1,0,vague
VBD,VBD,NN,DT,CC,DT,4,0,0.0,0.0,0.0,0,0,vague
VBD,VBN,NN,DT,VBZ,IN,13,0,0.0,0.0,0.0,0,0,vague
VBD,VBD,NN,DT,CC,DT,31,0,1.0,0.0,0.0,1,1,vague
VBD,VBN,NN,DT,VBD,DT,43,0,1.0,0.0,0.0,0,0,vague
VBD,VBN,CC,DT,VBZ,IN,9,0,0.0,0.0,0.0,0,0,vague
VBD,VBD,CC,DT,CC,DT,27,0,1.0,0.0,0.0,0,0,vague
VBN,VBD,VBZ,IN,CC,DT,18,0,1.0,0.0,0.0,0,0,vague
VBN,VBN,VBZ,IN,VBD,DT,30,0,1.0,0.0,0.0,0,0,vague
VBN,VB,VBZ,DT,TO,DT,26,0,0.0,0.0,0.0,0,0,before
VBG,VBZ,",",IN,PRP,PRP$,3,0,0.0,0.0,0.0,0,0,simultaneous
VBG,VB,",",IN,TO,DT,20,0,0.0,0.0,0.0,0,0,before
VBZ,VB,PRP,PRP$,TO,DT,17,0,0.0,0.0,0.0,0,0,before
VB,VB,MD,NNP,VBD,TO,12,0,0.0,0.0,0.0,0,0,after
VB,VB,MD,NNP,MD,RB,22,1,0.0,0.0,0.0,0,0,vague
VB,VB,MD,NNP,TO,",",28,1,0.0,0.0,0.0,0,0,before
VB,VB,VBD,TO,MD,RB,10,1,0.0,0.0,0.0,0,0,vague
VB,VB,VBD,TO,TO,",",16,1,0.0,0.0,0.0,0,0,before
VB,VB,MD,RB,TO,",",6,0,0.0,0.0,0.0,0,0,vague
VBD,VBG,PRP,",",",",TO,2,0,0.0,0.0,0.0,0,0,simultaneous
VBD,VBD,PRP,",",NN,NN,7,0,0.0,0.0,0.0,0,0,after
VBD,VBN,PRP,",",RB,IN,18,0,0.0,0.0,0.0,0,0,after
VBG,VBN,",",TO,RB,IN,16,0,0.0,0.0,0.0,0,0,after
VBD,VBN,NN,NN,RB,IN,11,0,0.0,0.0,0.0,0,0,after
VBZ,VBN,RB,JJ,RB,CD,23,0,0.0,0.0,0.0,0,0,vague
VBZ,VBG,RB,JJ,",",DT,27,0,0.0,0.0,0.0,0,0,vague
VBN,VBN,NN,IN,RB,CD,11,0,0.0,0.0,0.0,0,0,vague
VBN,VBG,NN,IN,",",DT,15,0,0.0,0.0,0.0,0,0,vague
VBN,VBN,NN,IN,RBS,IN,36,0,0.0,0.0,0.0,0,0,vague
VBN,VBG,RB,CD,",",DT,4,0,0.0,0.0,0.0,0,0,vague
VBN,VBN,RB,CD,RBS,IN,25,0,0.0,0.0,0.0,0,0,vague
VBG,VBN,",",DT,RBS,IN,21,0,0.0,0.0,0.0,0,0,vague
VBN,VBZ,VBZ,DT,NNP,VBZ,50,0,0.0,0.0,0.0,0,0,before
VBN,VBD,VBZ,DT,CC,VB,70,0,0.0,0.0,0.0,0,0,vague
VBN,VB,VBZ,DT,VBD,DT,71,0,0.0,0.0,0.0,0,0,vague
VBD,VBG,PRP,NNP,IN,CD,11,0,0.0,0.0,0.0,0,0,before
VBD,VB,PRP,NNP,TO,NNS,31,0,0.0,0.0,0.0,0,0,before
VBD,VB,PRP,NNP,NNS,PRP$,33,0,0.0,0.0,0.0,0,0,before
VBD,VBZ,PRP,NNP,NNP,VBZ,41,0,0.0,0.0,0.0,0,0,before
VBD,VBN,PRP,NNP,RB,IN,44,0,0.0,0.0,0.0,0,0,before
VBD,VBD,PRP,NNP,NNP,DT,51,0,0.0,0.0,0.0,0,0,vague
VBD,VBD,PRP,NNP,CC,VB,61,0,0.0,0.0,0.0,0,0,vague
VBD,VB,PRP,NNP,VBD,DT,62,0,0.0,0.0,0.0,0,0,vague
VBD,VB,PRP,NNP,TO,NNS,69,0,0.0,0.0,0.0,0,0,vague
VBG,VB,IN,CD,NNS,PRP$,22,0,0.0,0.0,0.0,0,0,before
VBG,VBZ,IN,CD,NNP,VBZ,30,0,0.0,0.0,0.0,0,0,before
VBG,VBN,IN,CD,RB,IN,33,0,0.0,0.0,0.0,0,0,before
VBG,VBD,IN,CD,NNP,DT,40,0,0.0,0.0,0.0,0,0,vague
VB,VB,TO,NNS,NNS,PRP$,2,0,0.0,0.0,0.0,0,0,before
VB,VBZ,TO,NNS,NNP,VBZ,10,0,0.0,0.0,0.0,0,0,before
VB,VBN,TO,NNS,RB,IN,13,0,0.0,0.0,0.0,0,0,before
VB,VBD,TO,NNS,NNP,DT,20,0,0.0,0.0,0.0,0,0,vague
VB,VBD,NNS,PRP$,NNP,DT,18,0,0.0,0.0,0.0,0,0,vague
VB,VBD,NNS,PRP$,CC,VB,28,0,0.0,0.0,0.0,0,0,vague
VB,VB,NNS,PRP$,TO,NNS,36,0,0.0,0.0,0.0,0,0,vague
VBZ,VBN,NNP,VBZ,RB,IN,3,0,0.0,0.0,0.0,0,0,after
VBN,VBD,RB,IN,NNP,DT,7,0,0.0,0.0,0.0,1,0,vague
VBN,VBD,RB,IN,CC,VB,17,0,0.0,0.0,0.0,0,0,vague
VBN,VB,RB,IN,VBD,DT,18,0,0.0,0.0,0.0,0,0,vague
VBN,VBG,RB,IN,NNS,NNP,27,0,0.0,0.0,0.0,0,0,vague
VBD,VBD,NNP,DT,CC,VB,10,0,0.0,0.0,0.0,0,0,vague
VBD,VB,NNP,DT,VBD,DT,11,0,0.0,0.0,0.0,0,0,vague
VBD,VB,CC,VB,VBD,DT,1,0,0.0,0.0,0.0,0,0,before
VBD,VB,CC,VB,TO,NNS,8,0,0.0,0.0,0.0,0,0,before
VBD,VBG,CC,VB,NNS,NNP,10,0,0.0,0.0,0.0,0,0,before
VB,VB,VBD,DT,TO,NNS,7,0,0.0,0.0,0.0,0,0,before
VB,VBG,VBD,DT,NNS,NNP,9,0,0.0,0.0,0.0,0,0,before
VB,VBG,TO,NNS,NNS,NNP,2,0,0.0,0.0,0.0,0,0,before
VBD,VBZ,NNP,.,NNP,RB,5,0,0.0,0.0,0.0,0,0,vague
VBD,VBN,NNP,.,NNS,TO,17,0,0.0,0.0,0.0,0,0,vague
VBD,VBG,NNP,.,TO,NNS,19,0,0.0,0.0,0.0,0,0,vague
VBZ,VB,NNP,RB,TO,IN,4,0,0.0,0.0,0.0,0,0,vague
VBZ,VBG,NNP,RB,RB,IN,29,0,0.0,0.0,0.0,0,0,vague
VB,VBN,TO,IN,NNS,TO,8,0,0.0,0.0,0.0,0,0,vague
VB,VBG,TO,IN,TO,NNS,10,0,0.0,0.0,0.0,1,0,vague
VBN,VBG,NNS,TO,TO,NNS,2,0,0.0,0.0,0.0,0,0,vague
VBN,VBG,NNS,TO,RB,IN,17,0,0.0,0.0,0.0,0,0,vague
VBG,VBG,TO,NNS,RB,IN,15,0,0.0,0.0,0.0,1,0,vague
VBG,VB,",",DT,RB,JJR,6,1,0.0,0.0,0.0,0,0,vague
VBG,VBG,",",DT,IN,JJ,9,1,0.0,0.0,0.0,0,0,vague
VBG,VBZ,",",DT,NNP,DT,14,1,0.0,0.0,0.0,0,0,vague
VBG,VBG,",",DT,JJR,PRP$,21,1,0.0,0.0,0.0,0,0,vague
VBG,VBD,",",DT,RB,PRP,28,1,0.0,0.0,0.0,0,0,vague
VBG,VBD,",",DT,PRP,JJ,30,1,0.0,0.0,0.0,0,0,vague
VBG,VB,",",DT,TO,PRP$,33,1,0.0,0.0,0.0,0,0,vague
VBG,VB,",",DT,MD,DT,39,2,0.0,0.0,0.0,0,0,vague
VB,VBZ,RB,JJR,NNP,DT,8,0,0.0,0.0,0.0,0,0,vague
VB,VBG,RB,JJR,JJR,PRP$,15,0,0.0,0.0,0.0,0,0,vague
VB,VBD,RB,JJR,RB,PRP,22,0,0.0,0.0,0.0,0,0,vague
VB,VB,RB,JJR,TO,PRP$,27,0,0.0,0.0,0.0,0,0,vague
VB,VB,RB,JJR,MD,DT,33,1,0.0,0.0,0.0,0,0,vague
VBG,VBZ,IN,JJ,NNP,DT,5,0,0.0,0.0,0.0,0,0,vague
VBG,VBG,IN,JJ,JJR,PRP$,12,0,0.0,0.0,0.0,0,0,vague
VBG,VBD,IN,JJ,RB,PRP,19,0,0.0,0.0,0.0,0,0,vague
VBG,VB,IN,JJ,TO,PRP$,24,0,0.0,0.0,0.0,0,0,vague
VBG,VB,IN,JJ,MD,DT,30,1,0.0,0.0,0.0,0,0,vague
VBZ,VBG,NNP,DT,JJR,PRP$,7,0,0.0,0.0,0.0,0,0,after
VBZ,VBD,NNP,DT,PRP,JJ,16,0,0.0,0.0,0.0,0,0,after
VBZ,VB,NNP,DT,TO,PRP$,19,0,0.0,0.0,0.0,1,0,vague
VBZ,VB,NNP,DT,MD,DT,25,1,0.0,0.0,0.0,0,0,vague
VBG,VBD,JJR,PRP$,RB,PRP,7,0,0.0,0.0,0.0,0,0,before
VBG,VB,JJR,PRP$,TO,PRP$,12,0,0.0,0.0,0.0,0,0,before
VBG,VB,JJR,PRP$,MD,DT,18,1,0.0,0.0,0.0,0,0,before
VBD,VB,RB,PRP,TO,PRP$,5,0,0.0,0.0,0.0,0,0,before
VBD,VB,RB,PRP,MD,DT,11,1,0.0,0.0,0.0,0,0,before
VB,VB,TO,PRP$,MD,DT,6,1,0.0,0.0,0.0,1,0,before
VBG,VBD,NNS,PRP$,NNP,.,14,0,0.0,0.0,0.0,0,0,before
VBG,VBD,NNS,PRP$,PRP,IN,33,0,0.0,0.0,0.0,0,0,before
VBG,VBD,NNS,PRP$,PRP,DT,39,0,0.0,0.0,0.0,0,0,before
VBG,VBD,NNS,PRP$,PRP,TO,46,0,0.0,0.0,0.0,0,0,before
VBG,VBZ,NNS,PRP$,NN,NNP,56,0,0.0,0.0,0.0,1,0,vague
VBD,VBD,NNP,.,PRP,IN,19,0,0.0,0.0,0.0,0,0,after
VBD,VBD,NNP,.,PRP,DT,25,0,0.0,0.0,0.0,0,0,after
VBD,VBD,NNP,.,PRP,TO,32,0,0.0,0.0,0.0,0,0,after
VBD,VBZ,NNP,.,NN,NNP,42,0,0.0,0.0,0.0,0,0,vague
VBD,VBN,NNP,.,NN,IN,47,0,0.0,0.0,0.0,0,0,after
VBD,VBD,PRP,DT,PRP,IN,15,0,0.0,0.0,0.0,0,0,vague
VBD,VBD,PRP,DT,PRP,DT,21,0,0.0,0.0,0.0,0,0,vague
VBD,VBD,PRP,DT,PRP,TO,28,0,0.0,0.0,0.0,1,0,vague
VBD,VBN,PRP,DT,NN,IN,43,0,0.0,0.0,0.0,0,0,vague
VBD,VBD,PRP,IN,PRP,TO,13,0,0.0,0.0,0.0,0,0,vague
VBD,VBZ,PRP,IN,NN,NNP,23,0,0.0,0.0,0.0,0,0,vague
VBD,VBN,PRP,IN,NN,IN,28,0,0.0,0.0,0.0,0,0,vague
VBD,VBD,PRP,DT,PRP,TO,7,0,0.0,0.0,0.0,0,0,vague
VBD,VBZ,PRP,DT,NN,NNP,17,0,0.0,0.0,0.0,1,0,vague
VBD,VBN,PRP,DT,NN,IN,22,0,0.0,0.0,0.0,0,0,vague
VBD,VBZ,PRP,TO,NN,NNP,10,0,0.0,0.0,0.0,1,0,vague
VBP,VBG,DT,PRP,RB,PRP,9,0,0.0,0.0,0.0,0,0,after
VBP,VBD,DT,PRP,NN,NN,36,0,0.0,0.0,0.0,0,0,before
VBP,VBG,DT,PRP,IN,.,39,0,0.0,0.0,0.0,0,0,before
VBP,VBP,DT,PRP,VBZ,RB,43,0,0.0,0.0,0.0,0,0,vague
VBG,VBD,RB,PRP,IN,NNP,15,0,0.0,0.0,0.0,0,0,after
VBG,VBP,RB,PRP,VBZ,RB,34,0,0.0,0.0,0.0,0,0,vague
VBD,VBN,IN,NNP,",",IN,27,0,0.0,0.0,0.0,0,0,before
VBD,VB,IN,NNP,RB,IN,35,1,0.0,0.0,0.0,0,0,before
VBD,VBG,NN,NN,IN,.,3,0,0.0,0.0,0.0,0,0,before
VBD,VBP,NN,NN,VBZ,RB,7,0,0.0,0.0,0.0,0,0,vague
VBG,VBP,IN,.,VBZ,RB,4,0,0.0,0.0,0.0,0,0,vague
VBP,VBN,VBZ,RB,",",IN,8,0,0.0,0.0,0.0,0,0,vague
VBP,VB,VBZ,RB,RB,IN,16,1,0.0,0.0,0.0,0,0,vague
VBN,VB,",",IN,RB,IN,8,1,0.0,0.0,0.0,0,0,before
VBP,VBD,PRP,JJ,NNP,VBN,39,0,0.0,0.0,0.0,1,0,after
VBG,VBD,VBP,TO,NNP,.,19,0,0.0,0.0,0.0,0,0,before
VBG,VBZ,VBP,TO,NNP,DT,24,0,0.0,0.0,0.0,0,0,vague
VBG,VBG,VBP,TO,VB,DT,38,0,0.0,0.0,0.0,0,0,vague
VBD,VBZ,NNP,.,NNP,DT,5,0,0.0,0.0,0.0,0,0,vague
VBD,VBG,NNP,.,VB,DT,19,0,0.0,0.0,0.0,0,0,vague
VBZ,VBD,NNP,DT,NNP,VBN,8,0,0.0,0.0,0.0,0,0,vague
VBZ,VBG,NNP,DT,VB,DT,14,0,0.0,0.0,0.0,0,0,vague
VBD,VBN,NNP,.,VBZ,DT,5,0,0.0,0.0,0.0,0,0,vague
VBD,VBD,NNP,.,PRP,.,13,0,0.0,0.0,0.0,0,0,simultaneous
VBD,VBP,NNP,.,NNS,JJ,19,0,0.0,0.0,0.0,0,0,vague
VBN,VBD,VBZ,DT,PRP,.,8,0,0.0,0.0,0.0,0,0,vague
VBD,VBP,PRP,.,NNS,JJ,6,0,0.0,0.0,0.0,0,0,vague
VBD,VBN,NNS,IN,VBN,IN,39,0,0.0,0.0,0.0,0,0,before
VBD,VB,NNP,IN,MD,TO,6,1,0.0,0.0,0.0,0,0,before
VBD,VB,NNP,IN,TO,PRP$,8,1,0.0,0.0,0.0,0,0,before
VBD,VBP,NNP,IN,NNS,TO,18,1,0.0,0.0,0.0,0,0,vague
VBD,VB,NNP,IN,MD,RBR,33,2,0.0,0.0,0.0,0,0,vague
VBD,VBG,NNP,IN,NN,PRP,52,2,0.0,0.0,0.0,0,0,after
VB,VB,MD,TO,TO,PRP$,2,0,0.0,0.0,0.0,0,0,before
VB,VB,MD,TO,MD,RBR,27,1,0.0,0.0,0.0,0,0,vague
VB,VBG,MD,TO,NN,PRP,46,1,0.0,0.0,0.0,0,0,after
VB,VBD,TO,PRP$,PRP,.,20,0,0.0,0.0,0.0,0,0,after
VB,VB,TO,PRP$,MD,RBR,25,1,0.0,0.0,0.0,0,0,vague
VBP,VBP,PRP,NN,NNS,TO,4,0,0.0,0.0,0.0,0,0,vague
VBP,VB,PRP,NN,MD,RBR,19,1,0.0,0.0,0.0,0,0,vague
VBP,VBP,PRP,NN,PRP,NN,36,1,0.0,0.0,0.0,0,0,vague
VBP,VBP,NNS,TO,PRP,NN,32,1,0.0,0.0,0.0,0,0,vague
VBP,VBG,NNS,TO,NN,PRP,34,1,0.0,0.0,0.0,0,0,vague
VBP,VBN,NNS,TO,NN,IN,56,1,0.0,0.0,0.0,0,0,vague
VB,VBP,TO,JJR,PRP,NN,30,1,0.0,0.0,0.0,1,0,vague
VB,VBG,TO,JJR,NN,PRP,32,1,0.0,0.0,0.0,0,0,vague
VB,VBN,TO,JJR,NN,IN,54,1,0.0,0.0,0.0,1,0,vague
VBD,VB,PRP,.,MD,RBR,5,1,0.0,0.0,0.0,0,0,vague
VB,VBP,MD,RBR,PRP,NN,17,0,0.0,0.0,0.0,0,0,vague
VB,VBG,MD,RBR,NN,PRP,19,0,0.0,0.0,0.0,0,0,vague
VB,VBN,MD,RBR,NN,IN,41,0,0.0,0.0,0.0,1,0,vague
VBP,VBN,PRP,NN,NN,IN,24,0,0.0,0.0,0.0,1,0,vague
VBD,VB,NNP,PRP,MD,IN,12,1,0.0,0.0,0.0,0,0,vague
VBG,VB,VBD,NNS,MD,IN,9,1,0.0,0.0,0.0,0,0,vague
VBZ,VBN,EX,DT,JJ,DT,55,0,0.0,0.0,0.0,0,0,vague
VBZ,VBZ,EX,DT,NN,IN,68,0,0.0,0.0,0.0,0,0,vague
VBD,VBD,NNP,PRP,NNS,NNP,10,0,0.0,0.0,0.0,0,0,before
VBD,VBZ,NNP,PRP,NN,IN,62,0,0.0,0.0,0.0,1,0,vague
VBD,VBZ,NNS,NNP,NN,IN,52,0,0.0,0.0,0.0,0,0,vague
VBN,VBZ,RB,RBR,WDT,RBR,19,0,0.0,0.0,0.0,1,0,vague
VBN,VBZ,RB,RBR,NN,IN,26,0,0.0,0.0,0.0,0,0,vague
VBP,VBZ,PRP,JJR,WDT,RBR,14,0,0.0,0.0,0.0,0,0,vague
VBN,VBZ,JJ,DT,NN,IN,13,0,0.0,0.0,0.0,1,0,vague
VBZ,VBZ,WDT,RBR,NN,IN,7,0,0.0,0.0,0.0,0,0,vague
VBP,VBP,PRP,JJ,PRP,JJ,13,0,0.0,0.0,0.0,1,1,simultaneous
VBN,VBN,RB,DT,JJS,DT,10,0,0.0,0.0,0.0,0,0,after
VBN,VBG,RB,DT,IN,IN,14,0,0.0,0.0,0.0,0,0,before
VBN,VBD,RB,DT,DT,TO,26,0,0.0,0.0,0.0,0,0,before
VBN,VBN,RB,DT,VB,VBG,29,0,0.0,0.0,0.0,0,0,before
VBN,VBG,RB,DT,VBN,WP,30,0,0.0,0.0,0.0,0,0,after
VBG,VBD,IN,IN,DT,TO,12,0,0.0,0.0,0.0,0,0,after
VBG,VBG,IN,IN,VBN,WP,16,0,0.0,0.0,0.0,0,0,vague
VBP,VB,PRP,TO,TO,WRB,2,0,0.0,0.0,0.0,0,0,vague
VBP,VBP,PRP,TO,JJ,IN,7,0,0.0,0.0,0.0,1,0,vague
VBP,VBD,PRP,TO,NNP,.,18,1,0.0,1.0,0.0,0,0,vague
VBP,VBZ,PRP,TO,NNP,CD,22,1,0.0,1.0,0.0,0,0,vague
VBP,VBD,PRP,TO,NNP,NN,55,1,0.0,1.0,0.0,0,0,vague
VB,VBN,TO,WRB,NN,IN,33,1,0.0,1.0,0.0,0,0,before
VB,VBN,TO,WRB,RB,TO,47,1,0.0,1.0,0.0,0,0,after
VBP,VBN,JJ,IN,NN,IN,28,1,0.0,1.0,0.0,1,0,before
VBP,VBN,JJ,IN,RB,TO,42,1,0.0,1.0,0.0,1,0,before
VBP,VB,JJ,IN,TO,IN,44,1,0.0,1.0,0.0,0,0,before
VBD,VBN,NNP,.,NN,IN,17,0,0.0,0.0,0.0,0,0,before
VBD,VBN,NNP,.,RB,TO,31,0,0.0,0.0,0.0,0,0,before
VBD,VB,NNP,.,TO,IN,33,0,0.0,0.0,0.0,0,0,before
VBZ,VBD,NNP,CD,NNP,NN,33,0,0.0,0.0,0.0,0,0,vague
VBN,VB,NN,IN,TO,IN,16,0,0.0,0.0,0.0,0,0,vague
VBN,VB,RB,TO,TO,IN,2,0,0.0,0.0,0.0,0,0,vague
VBN,VBZ,RB,RB,NN,JJ,13,0,0.0,0.0,0.0,0,0,before
VBN,VBP,RB,IN,NN,JJ,9,0,0.0,0.0,0.0,0,0,simultaneous
VBN,VBZ,RB,IN,WDT,NN,53,0,0.0,0.0,0.0,0,0,after
VBP,VBZ,NN,JJ,WDT,NN,44,0,0.0,0.0,0.0,0,0,after
VBZ,VBD,RB,PRP$,CC,PRP,8,0,0.0,0.0,0.0,0,0,vague
VBZ,VBG,RB,PRP$,NNS,DT,17,0,0.0,0.0,0.0,0,0,after
VBZ,VB,RB,PRP$,VB,PRP,30,1,0.0,0.0,0.0,0,0,vague
VBZ,VBD,RB,PRP$,PRP,.,39,1,0.0,0.0,0.0,0,0,vague
VBD,VBG,CC,PRP,NNS,DT,9,0,0.0,0.0,0.0,0,0,after
VBD,VB,CC,PRP,VB,PRP,22,1,0.0,0.0,0.0,1,0,vague
VBD,VBD,CC,PRP,PRP,.,31,1,0.0,0.0,0.0,1,0,vague
VBZ,VBP,PRP,NNS,WP,NN,3,0,0.0,0.0,0.0,0,0,vague
VBP,VBG,WP,NN,NNS,DT,3,0,0.0,0.0,0.0,0,0,simultaneous
VB,VBD,VB,PRP,PRP,.,9,0,0.0,0.0,0.0,1,0,vague
VBN,VBD,NN,IN,",",JJ,8,0,0.0,0.0,0.0,0,0,before
VBN,VBG,NN,IN,IN,PRP,21,0,0.0,1.0,0.0,0,0,before
VBN,VB,NN,IN,MD,RB,24,1,0.0,1.0,0.0,0,0,before
VBN,VBD,NN,IN,WP,TO,33,1,0.0,1.0,0.0,0,0,before
VBN,VBD,NN,IN,NN,JJ,47,1,0.0,1.0,0.0,0,0,before
VBD,VBD,",",JJ,CC,RP,10,0,0.0,0.0,0.0,0,0,vague
VBD,VBG,",",JJ,IN,PRP,13,0,0.0,1.0,0.0,0,0,vague
VBD,VBD,",",JJ,WP,TO,25,1,0.0,1.0,0.0,0,0,after
VBD,VB,",",JJ,TO,DT,27,1,0.0,1.0,0.0,1,0,before
VBG,VBG,TO,DT,IN,PRP,10,0,0.0,1.0,0.0,0,0,vague
VBG,VB,TO,DT,TO,DT,24,1,0.0,1.0,0.0,1,0,before
VBD,VBG,CC,RP,IN,PRP,3,0,0.0,1.0,0.0,0,0,after
VBD,VBD,CC,RP,WP,TO,15,1,0.0,1.0,0.0,0,0,before
VBD,VB,CC,RP,TO,DT,17,1,0.0,1.0,0.0,0,0,before
VBG,VB,IN,PRP,TO,NNP,7,1,0.0,0.0,0.0,0,0,before
VBG,VB,IN,PRP,TO,DT,14,1,0.0,0.0,0.0,0,0,vague
VBG,VBD,IN,PRP,NN,JJ,26,1,0.0,0.0,0.0,0,0,after
VBG,VB,IN,PRP,TO,DT,29,1,0.0,0.0,0.0,0,0,before
VB,VBD,MD,RB,WP,TO,9,0,0.0,0.0,0.0,0,0,vague
VB,VB,MD,RB,TO,DT,11,0,0.0,0.0,0.0,0,0,after
VB,VB,TO,NNP,TO,DT,7,0,0.0,0.0,0.0,0,0,before
VB,VB,TO,NNP,TO,DT,22,0,0.0,0.0,0.0,0,0,vague
VBD,VB,WP,TO,TO,DT,2,0,0.0,0.0,0.0,0,0,before
VBD,VBD,WP,TO,NN,JJ,14,0,0.0,0.0,0.0,1,1,vague
VB,VBD,TO,DT,NN,JJ,12,0,0.0,0.0,0.0,0,0,before
VBD,VB,NNP,TO,TO,.,2,0,0.0,0.0,0.0,0,0,vague
VBD,VBD,NNP,DT,NN,PRP$,19,0,0.0,0.0,0.0,0,0,vague
VBD,VB,",",DT,TO,JJ,18,0,0.0,0.0,0.0,0,0,vague
VB,VBD,TO,JJ,NN,VBN,11,0,0.0,0.0,0.0,0,0,vague
VB,VBD,TO,JJ,PRP,IN,16,0,0.0,0.0,0.0,0,0,vague
VB,VBN,TO,JJ,VBD,DT,21,0,0.0,0.0,0.0,0,0,vague
VBZ,VBZ,PRP,DT,PRP,IN,7,0,0.0,0.0,0.0,1,0,after
VB,VBZ,MD,TO,",",DT,12,0,0.0,0.0,0.0,0,0,after
VBZ,VBN,",",DT,VBZ,DT,6,0,0.0,0.0,0.0,0,0,before
VBZ,VBZ,",",DT,CC,DT,12,0,0.0,0.0,0.0,0,0,before
VB,VBN,MD,IN,VBN,RP,14,0,0.0,0.0,0.0,0,0,after
VB,VB,MD,IN,MD,VBG,25,1,0.0,0.0,0.0,0,0,before
VB,VBG,MD,IN,IN,.,55,1,0.0,0.0,0.0,1,0,simultaneous
VBP,VBZ,NN,RB,NN,TO,7,0,0.0,0.0,0.0,1,0,simultaneous
VBP,VBN,NN,RB,VBN,RP,11,0,0.0,0.0,0.0,0,0,after
VBP,VB,NN,RB,MD,VBG,22,1,0.0,0.0,0.0,0,0,before
VBP,VBG,NN,RB,VB,NN,23,1,0.0,0.0,0.0,0,0,before
VBN,VBG,VBN,RP,VB,NN,12,1,0.0,0.0,0.0,0,0,vague
VBN,VBD,VBN,RP,PRP,PRP$,19,1,0.0,0.0,0.0,0,0,vague
VBN,VBN,VBN,RP,VBZ,DT,37,1,0.0,0.0,0.0,0,0,before
VB,VBD,MD,VBG,PRP,PRP$,8,0,0.0,0.0,0.0,0,0,after
VB,VBD,MD,VBG,CC,IN,12,0,0.0,0.0,0.0,0,0,vague
VB,VBN,MD,VBG,VBZ,DT,26,0,0.0,0.0,0.0,0,0,after
VB,VBG,MD,VBG,IN,.,30,0,0.0,0.0,0.0,0,0,vague
VBG,VBN,VB,NN,VBZ,DT,25,0,0.0,0.0,0.0,0,0,before
VBG,VBG,VB,NN,IN,.,29,0,0.0,0.0,0.0,0,0,before
VBD,VBG,PRP,PRP$,IN,.,22,0,0.0,0.0,0.0,0,0,vague
VBD,VB,NNP,TO,TO,DT,2,0,0.0,0.0,0.0,0,0,simultaneous
VBD,VBD,NNP,TO,PRP,PRP,10,0,0.0,0.0,0.0,0,0,simultaneous
VBD,VB,NNP,TO,JJ,RP,14,0,0.0,0.0,0.0,0,0,before
VB,VB,TO,DT,TO,RB,26,0,0.0,0.0,0.0,0,0,before
VBD,VB,PRP,PRP,TO,RB,18,0,0.0,0.0,0.0,0,0,before
VB,VBZ,JJ,RP,PRP,TO,12,0,0.0,0.0,0.0,0,0,simultaneous
VB,VB,JJ,RP,TO,RB,14,0,0.0,0.0,0.0,0,0,before
VBZ,VB,PRP,TO,TO,RB,2,0,0.0,0.0,0.0,0,0,vague
VBD,VB,NNP,TO,TO,.,2,0,0.0,0.0,0.0,0,0,vague
VB,VBZ,TO,DT,WDT,VBG,13,0,0.0,0.0,0.0,0,0,after
VB,VBG,TO,DT,VBZ,TO,14,0,0.0,0.0,0.0,0,0,after
VB,VBG,TO,DT,IN,IN,30,0,0.0,0.0,0.0,0,0,after
VB,VBN,TO,DT,VBZ,NN,35,0,0.0,0.0,0.0,0,0,vague
VBZ,VBN,WDT,VBG,VBZ,NN,22,0,0.0,0.0,0.0,0,0,before
VBZ,VB,WDT,VBG,MD,DT,34,1,0.0,0.0,0.0,0,0,before
VBG,VBG,VBZ,TO,IN,IN,16,0,0.0,0.0,0.0,1,0,simultaneous
VBG,VBN,IN,IN,VBZ,NN,5,0,0.0,0.0,0.0,0,0,before
VBN,VB,VBZ,NN,MD,DT,12,1,0.0,0.0,0.0,0,0,before
VBP,VBP,VBZ,WP,NN,VBZ,30,0,0.0,0.0,0.0,0,0,simultaneous
VBD,VBD,PRP,",",NNP,.,5,0,0.0,0.0,0.0,0,0,before
VBD,VBD,PRP,",",PRP,",",9,0,0.0,0.0,0.0,1,1,simultaneous
VBD,VBP,PRP,",",NNS,DT,19,0,0.0,0.0,0.0,0,0,vague
VBD,VBP,PRP,",",NN,VBZ,27,0,0.0,0.0,0.0,0,0,vague
VBD,VBP,NNP,.,NNS,DT,14,0,0.0,0.0,0.0,0,0,after
VBD,VBP,PRP,",",NNS,DT,10,0,0.0,0.0,0.0,0,0,after
VBD,VBP,PRP,",",NN,VBZ,18,0,0.0,0.0,0.0,0,0,vague
VBP,VBP,NNS,DT,NN,VBZ,8,0,0.0,0.0,0.0,1,0,simultaneous
VBN,VBN,CC,IN,VB,NN,30,0,0.0,0.0,0.0,0,0,vague
VBD,VBN,",",RP,VB,NN,20,0,0.0,0.0,0.0,0,0,vague
VBN,VBD,VBP,DT,",",RBR,21,0,0.0,0.0,0.0,0,0,simultaneous
VBN,VBN,VBP,DT,RB,JJ,45,0,0.0,0.0,0.0,0,0,after
VBN,VBN,VBP,DT,NN,IN,62,0,0.0,0.0,0.0,0,0,after
VBD,VBN,NNP,PRP,RB,JJ,37,0,0.0,0.0,0.0,0,0,before
VBD,VBN,",",RBR,RB,JJ,24,0,0.0,0.0,0.0,0,0,before
VBZ,VBN,NNP,DT,RB,JJ,8,0,0.0,0.0,0.0,1,0,after
VBZ,VBN,NNP,DT,NN,IN,25,0,0.0,0.0,0.0,1,0,before
VBD,VB,NNP,TO,TO,",",2,0,0.0,0.0,0.0,0,0,simultaneous
VBD,VB,NNP,TO,TO,IN,13,0,0.0,0.0,0.0,0,0,before
VBD,VBD,NNP,TO,PRP,",",27,0,0.0,0.0,0.0,0,0,before
VBG,VB,VBP,TO,TO,IN,2,0,0.0,0.0,0.0,1,0,simultaneous
VBG,VBD,VBP,TO,PRP,",",16,0,0.0,0.0,0.0,0,0,vague
VBG,VBG,VBP,TO,VB,.,26,0,0.0,0.0,0.0,1,0,vague
VB,VBD,TO,IN,PRP,",",14,0,0.0,0.0,0.0,0,0,vague
VBZ,VBD,NNP,),CC,DT,33,0,0.0,0.0,0.0,0,0,after
VBZ,VBN,NNP,),VBZ,IN,42,0,0.0,0.0,0.0,0,0,after
VBZ,VBN,NNP,),VBD,DT,72,0,1.0,0.0,0.0,1,0,after
VBZ,VBD,RB,JJ,NN,DT,14,0,0.0,0.0,0.0,0,0,after
VBZ,VBD,RB,JJ,CC,DT,45,0,1.0,0.0,0.0,0,0,after
VBZ,VBN,RB,JJ,VBD,DT,57,0,1.0,0.0,0.0,1,0,after
VBD,VBN,CC,DT,VBD,DT,39,0,1.0,0.0,0.0,0,0,after
VBD,VBN,CC,DT,VBD,DT,12,0,0.0,0.0,0.0,0,0,before
VBN,VBG,VBZ,DT,",",IN,6,0,0.0,0.0,0.0,0,0,vague
VBN,VBZ,VBZ,DT,PRP,PRP$,9,0,0.0,0.0,0.0,0,0,vague
VBD,VBG,PRP,",",JJ,NN,27,0,0.0,0.0,0.0,0,0,after
VBG,VBD,",",TO,NN,NN,5,0,0.0,0.0,0.0,0,0,after
VBG,VBG,",",TO,JJ,NN,25,0,0.0,0.0,0.0,0,0,after
VBD,VBG,NN,NN,JJ,NN,20,0,0.0,0.0,0.0,0,0,before
VBN,VBG,RB,IN,JJ,NN,9,0,0.0,0.0,0.0,0,0,before
VBZ,VBZ,RB,JJ,WP,DT,8,0,0.0,0.0,0.0,0,0,simultaneous
VBZ,VBN,RB,JJ,NN,IN,12,0,0.0,0.0,0.0,0,0,after
VBZ,VBN,RB,JJ,RBS,IN,48,0,0.0,0.0,0.0,1,0,simultaneous
VBZ,VBN,WP,DT,NN,IN,4,0,0.0,0.0,0.0,0,0,vague
VBZ,VBN,WP,DT,RB,CD,15,0,0.0,0.0,0.0,0,0,simultaneous
VBZ,VBG,WP,DT,",",DT,19,0,0.0,0.0,0.0,0,0,before
VBZ,VBN,WP,DT,RBS,IN,40,0,0.0,0.0,0.0,1,0,before
VBN,VBD,VBZ,DT,PRP,NNP,9,0,0.0,0.0,0.0,0,0,before
VBN,VBG,VBZ,DT,IN,CD,20,0,0.0,0.0,0.0,0,0,before
VBN,VB,VBZ,DT,TO,NNS,40,0,0.0,0.0,0.0,0,0,before
VBN,VB,VBZ,DT,NNS,PRP$,42,0,0.0,0.0,0.0,0,0,before
VBN,VBN,VBZ,DT,RB,IN,53,0,0.0,0.0,0.0,1,0,before
VBN,VBD,VBZ,DT,NNP,DT,60,0,0.0,0.0,0.0,1,0,simultaneous
VBN,VB,VBZ,DT,TO,NNS,78,0,0.0,0.0,0.0,0,0,before
VBN,VBG,VBZ,DT,NNS,NNP,80,0,0.0,0.0,0.0,0,0,before
VBD,VBG,PRP,NNP,NNS,NNP,71,0,0.0,0.0,0.0,0,0,before
VBG,VB,IN,CD,TO,NNS,20,0,0.0,0.0,0.0,0,0,vague
VBG,VBD,IN,CD,CC,VB,50,0,0.0,0.0,0.0,0,0,before
VBG,VB,IN,CD,VBD,DT,51,0,0.0,0.0,0.0,0,0,before
VBG,VB,IN,CD,TO,NNS,58,0,0.0,0.0,0.0,0,0,before
VBG,VBG,IN,CD,NNS,NNP,60,0,0.0,0.0,0.0,0,0,before
VB,VBD,TO,NNS,CC,VB,30,0,0.0,0.0,0.0,1,0,before
VB,VB,TO,NNS,VBD,DT,31,0,0.0,0.0,0.0,0,0,before
VB,VB,TO,NNS,TO,NNS,38,0,0.0,0.0,0.0,0,0,before
VB,VBG,TO,NNS,NNS,NNP,40,0,0.0,0.0,0.0,0,0,before
VB,VBZ,NNS,PRP$,NNP,VBZ,8,0,0.0,0.0,0.0,0,0, before
VB,VBN,NNS,PRP$,RB,IN,11,0,0.0,0.0,0.0,0,0,before
VB,VB,NNS,PRP$,VBD,DT,29,0,0.0,0.0,0.0,0,0,before
VB,VBG,NNS,PRP$,NNS,NNP,38,0,0.0,0.0,0.0,0,0,simultaneous
VBZ,VBD,NNP,VBZ,NNP,DT,10,0,0.0,0.0,0.0,0,0,before
VBZ,VBD,NNP,VBZ,CC,VB,20,0,0.0,0.0,0.0,0,0,after
VBZ,VB,NNP,VBZ,VBD,DT,21,0,0.0,0.0,0.0,0,0,simultaneous
VBZ,VB,NNP,VBZ,TO,NNS,28,0,0.0,0.0,0.0,0,0,after
VBZ,VBG,NNP,VBZ,NNS,NNP,30,0,0.0,0.0,0.0,0,0,after
VBN,VB,RB,IN,TO,NNS,25,0,0.0,0.0,0.0,0,0,after
VBD,VB,NNP,DT,TO,NNS,18,0,0.0,0.0,0.0,0,0,before
VBD,VBG,NNP,DT,NNS,NNP,20,0,0.0,0.0,0.0,0,0,before
VBD,VB,NNP,.,TO,IN,9,0,0.0,0.0,0.0,0,0,simultaneous
VBD,VBG,NNP,.,RB,IN,34,0,0.0,0.0,0.0,0,0,simultaneous
VBZ,VBN,NNP,RB,NNS,TO,12,0,0.0,0.0,0.0,0,0,simultaneous
VBZ,VBG,NNP,RB,TO,NNS,14,0,0.0,0.0,0.0,0,0,simultaneous
VB,VBG,TO,IN,RB,IN,25,0,0.0,0.0,0.0,0,0,simultaneous
VB,VBG,RB,JJR,IN,JJ,3,0,0.0,0.0,0.0,1,0,before
VB,VBD,RB,JJR,PRP,JJ,24,0,0.0,0.0,0.0,1,0,after
VBG,VBD,IN,JJ,PRP,JJ,21,0,0.0,0.0,0.0,1,0,after
VBZ,VBD,NNP,DT,RB,PRP,14,0,0.0,0.0,0.0,0,0,after
VBG,VBD,JJR,PRP$,PRP,JJ,9,0,0.0,0.0,0.0,0,0,before
VBD,VBD,RB,PRP,PRP,JJ,2,0,0.0,0.0,0.0,0,0,simultaneous
VBD,VB,PRP,JJ,TO,PRP$,3,0,0.0,0.0,0.0,0,0,before
VBD,VB,PRP,JJ,MD,DT,9,1,0.0,0.0,0.0,0,0,before
VBG,VBD,NNS,PRP$,PRP,DT,18,0,0.0,0.0,0.0,0,0,before
VBG,VBN,NNS,PRP$,NN,IN,61,0,0.0,0.0,0.0,0,0,vague
VBD,VBD,NNP,.,PRP,DT,4,0,0.0,0.0,0.0,0,0,after
VBD,VBZ,PRP,DT,NN,NNP,38,0,0.0,0.0,0.0,0,0,before
VBD,VBD,PRP,IN,PRP,DT,6,0,0.0,0.0,0.0,0,0,simultaneous
VBD,VBN,PRP,TO,NN,IN,15,0,0.0,0.0,0.0,0,0,after
VBZ,VBN,NN,NNP,NN,IN,5,0,0.0,0.0,0.0,0,0,simultaneous
VBP,VBD,DT,PRP,IN,NNP,24,0,0.0,0.0,0.0,0,0,after
VBP,VBN,DT,PRP,",",IN,51,0,0.0,0.0,0.0,0,0,after
VBP,VB,DT,PRP,RB,IN,59,1,0.0,0.0,0.0,0,0,after
VBG,VBD,RB,PRP,NN,NN,27,0,0.0,0.0,0.0,0,0,before
VBG,VBG,RB,PRP,IN,.,30,0,0.0,0.0,0.0,0,0,vague
VBG,VBN,RB,PRP,",",IN,42,0,0.0,0.0,0.0,0,0,after
VBG,VB,RB,PRP,RB,IN,50,1,0.0,0.0,0.0,0,0,after
VBD,VBD,IN,NNP,NN,NN,12,0,0.0,0.0,0.0,0,0,before
VBD,VBG,IN,NNP,IN,.,15,0,0.0,0.0,0.0,0,0,before
VBD,VBP,IN,NNP,VBZ,RB,19,0,0.0,0.0,0.0,0,0,before
VBD,VBN,NN,NN,",",IN,15,0,0.0,0.0,0.0,0,0,after
VBD,VB,NN,NN,RB,IN,23,1,0.0,0.0,0.0,1,0,vague
VBG,VBN,IN,.,",",IN,12,0,0.0,0.0,0.0,0,0,after
VBG,VB,IN,.,RB,IN,20,1,0.0,0.0,0.0,0,0,after
VBP,VBG,PRP,JJ,VBP,TO,7,0,0.0,0.0,0.0,0,0,after
VBP,VBD,PRP,JJ,NNP,.,26,0,0.0,0.0,0.0,0,0,before
VBP,VBZ,PRP,JJ,NNP,DT,31,0,0.0,0.0,0.0,0,0,simultaneous
VBP,VBG,PRP,JJ,VB,DT,45,0,0.0,0.0,0.0,1,0,after
VBG,VBD,VBP,TO,NNP,VBN,32,0,0.0,0.0,0.0,0,0,before
VBD,VBD,NNP,.,NNP,VBN,13,0,0.0,0.0,0.0,0,0,before
VBD,VBG,NNP,VBN,VB,DT,6,0,0.0,0.0,0.0,1,0,before
VBN,VBP,VBZ,DT,NNS,JJ,14,0,0.0,0.0,0.0,0,0,before
VBD,VBD,NNS,IN,NNP,CD,14,0,0.0,0.0,0.0,0,0,vague
VBD,VBZ,NNS,IN,WDT,NNS,30,0,0.0,0.0,0.0,0,0,before
VBD,VBZ,NNP,CD,WDT,NNS,16,0,0.0,0.0,0.0,0,0,before
VBD,VBN,NNP,CD,VBN,IN,25,0,0.0,0.0,0.0,0,0,before
VBZ,VBN,WDT,NNS,VBN,IN,9,0,0.0,0.0,0.0,1,0,simultaneous
VBD,VBP,NNP,IN,PRP,NN,14,1,0.0,0.0,0.0,0,0,vague
VBD,VB,NNP,IN,TO,JJR,20,1,0.0,0.0,0.0,0,0,before
VBD,VBD,NNP,IN,PRP,.,28,1,0.0,0.0,0.0,0,0,vague
VBD,VBP,NNP,IN,PRP,NN,50,2,0.0,0.0,0.0,0,0,after
VBD,VBN,NNP,IN,NN,IN,74,2,0.0,0.0,0.0,0,0,after
VB,VBP,MD,TO,PRP,NN,8,0,0.0,0.0,0.0,0,0,vague
VB,VBP,MD,TO,NNS,TO,12,0,0.0,0.0,0.0,0,0,before
VB,VB,MD,TO,TO,JJR,14,0,0.0,0.0,0.0,0,0,before
VB,VBD,MD,TO,PRP,.,22,0,0.0,0.0,0.0,0,0,vague
VB,VBP,MD,TO,PRP,NN,44,1,0.0,0.0,0.0,0,0,after
VB,VBN,MD,TO,NN,IN,68,1,0.0,0.0,0.0,0,0,after
VB,VBP,TO,PRP$,PRP,NN,6,0,0.0,0.0,0.0,0,0,after
VB,VBP,TO,PRP$,NNS,TO,10,0,0.0,0.0,0.0,0,0,before
VB,VB,TO,PRP$,TO,JJR,12,0,0.0,0.0,0.0,0,0,before
VB,VBP,TO,PRP$,PRP,NN,42,1,0.0,0.0,0.0,0,0,after
VB,VBG,TO,PRP$,NN,PRP,44,1,0.0,0.0,0.0,0,0,after
VB,VBN,TO,PRP$,NN,IN,66,1,0.0,0.0,0.0,0,0,vague
VBP,VB,PRP,NN,TO,JJR,6,0,0.0,0.0,0.0,0,0,vague
VBP,VBD,PRP,NN,PRP,.,14,0,0.0,0.0,0.0,1,0,before
VBP,VBG,PRP,NN,NN,PRP,38,1,0.0,0.0,0.0,0,0,vague
VBP,VBN,PRP,NN,NN,IN,60,1,0.0,0.0,0.0,0,0,vague
VBP,VB,NNS,TO,TO,JJR,2,0,0.0,0.0,0.0,0,0,after
VBP,VBD,NNS,TO,PRP,.,10,0,0.0,0.0,0.0,0,0,vague
VBP,VB,NNS,TO,MD,RBR,15,1,0.0,0.0,0.0,0,0,after
VB,VBD,TO,JJR,PRP,.,8,0,0.0,0.0,0.0,0,0,vague
VB,VB,TO,JJR,MD,RBR,13,1,0.0,0.0,0.0,1,0,before
VBD,VBP,PRP,.,PRP,NN,22,1,0.0,0.0,0.0,0,0,vague
VBD,VBG,PRP,.,NN,PRP,24,1,0.0,0.0,0.0,0,0,after
VBD,VBN,PRP,.,NN,IN,46,1,0.0,0.0,0.0,0,0,after
VBP,VBG,PRP,NN,NN,PRP,2,0,0.0,0.0,0.0,0,0,simultaneous
VBG,VBN,NN,PRP,NN,IN,22,0,0.0,0.0,0.0,0,0,vague
